Back to Contents,,,,,,,,,,,,,,
,,,,,,,,,,,,,,
Table 6a," CPIH All Items: 2005 to 2026  1,2,3",,,,,,,,,,,,,
,,,,,,,,,,,,,,
,, Annual, , , , , , , , , , , , 
,, average, Jan, Feb, Mar, Apr, May, Jun, Jul, Aug, Sep, Oct, Nov, Dec
L522  , 2015=100,,,,,,,,,,,,,
,2005,79.4,78.3,78.5,78.8,79.1,79.4,79.4,79.5,79.7,79.9,80,80,80.3
,2006,81.4,80,80.2,80.4,80.9,81.3,81.5,81.5,81.8,81.9,82,82.2,82.6
,2007,83.3,82.1,82.4,82.8,83.1,83.3,83.5,83.1,83.4,83.5,83.8,84.1,84.5
,2008,86.2,84.1,84.6,84.9,85.6,86.1,86.6,86.6,87.1,87.5,87.3,87.3,87.1
,2009,87.9,86.6,87.2,87.3,87.5,87.9,88.1,88,88.3,88.3,88.4,88.6,88.9
,2010,90.1,88.8,89,89.4,89.9,90.1,90.2,90,90.4,90.4,90.6,90.9,91.7
,2011,93.6,91.8,92.3,92.6,93.3,93.5,93.5,93.5,93.9,94.5,94.5,94.7,95
,2012,96,94.7,95.2,95.4,95.9,95.9,95.6,95.7,96.1,96.4,96.8,97,97.3
,2013,98.2,97,97.5,97.8,98,98.2,98,98,98.4,98.7,98.8,98.8,99.2
,2014,99.6,98.7,99.1,99.3,99.6,99.6,99.8,99.6,99.9,100,100.1,99.9,99.9
,2015,100,99.2,99.5,99.6,99.9,100.1,100.1,100,100.3,100.2,100.3,100.3,100.4
,2016,101,99.9,100.1,100.4,100.6,100.8,101,100.9,101.2,101.5,101.6,101.8,102.2
,2017,103.6,101.8,102.4,102.7,103.2,103.5,103.5,103.5,104,104.3,104.4,104.7,105
,2018,106,104.5,104.9,105.1,105.5,105.9,105.9,105.9,106.5,106.6,106.7,106.9,107.1
,2019,107.8,106.4,106.8,107,107.6,107.9,107.9,108,108.3,108.4,108.3,108.5,108.5
,2020,108.9,108.3,108.6,108.6,108.6,108.6,108.8,109.2,108.8,109.2,109.2,109.1,109.4
,2021,111.6,109.3,109.4,109.7,110.4,111,111.4,111.4,112.1,112.4,113.4,114.1,114.7
,2022,120.5,114.6,115.4,116.5,119,119.7,120.5,121.2,121.8,122.3,124.3,124.8,125.3
,2023,128.6,124.8,126,126.8,128.3,129.1,129.4,129,129.4,130.1,130.2,130,130.5
,2024,132.9,130,130.8,131.6,132.2,132.7,133,132.9,133.4,133.5,134.3,134.6,135.1
,2025,138,135.1,135.6,136.1,137.7,138,138.4,138.5,138.9,138.9,139.5,139.4,139.9
,2026,..,139.4,140,140.8,141.8,..,..,..,..,..,..,..,..
,,,,,,,,,,,,,,
Table 6b," CPIH All Items: 2006 to 2026  2, 3",,,,,,,,,,,,,
,Percentage change over 12 months,,,,,,,,,,,,,
,,,,,,,,,,,,,,
,, Annual, , , , , , , , , , , , 
,, change, Jan, Feb, Mar, Apr, May, Jun, Jul, Aug, Sep, Oct, Nov, Dec
L55O  ,,,,,,,,,,,,,,
,2006,2.5,2.2,2.2,2,2.2,2.4,2.6,2.5,2.6,2.5,2.5,2.8,2.9
,2007,2.4,2.7,2.7,2.9,2.7,2.5,2.5,2,2,2,2.3,2.2,2.3
,2008,3.5,2.4,2.6,2.6,3,3.3,3.7,4.2,4.4,4.8,4.2,3.8,3
,2009,2,2.9,3.1,2.8,2.3,2.1,1.7,1.6,1.4,1,1.2,1.5,2.1
,2010,2.5,2.6,2.1,2.4,2.7,2.5,2.4,2.3,2.4,2.4,2.5,2.6,3.1
,2011,3.8,3.4,3.7,3.5,3.8,3.8,3.6,3.8,3.9,4.5,4.3,4.1,3.7
,2012,2.6,3.2,3.1,3.1,2.8,2.5,2.3,2.4,2.3,2.1,2.4,2.4,2.4
,2013,2.3,2.4,2.5,2.5,2.2,2.4,2.6,2.5,2.4,2.4,2,1.9,1.9
,2014,1.5,1.8,1.6,1.5,1.7,1.5,1.8,1.6,1.5,1.3,1.3,1.1,0.7
,2015,0.4,0.5,0.4,0.3,0.3,0.4,0.3,0.5,0.4,0.2,0.2,0.4,0.5
,2016,1,0.6,0.6,0.8,0.7,0.7,0.8,0.9,1,1.3,1.3,1.5,1.8
,2017,2.6,1.9,2.3,2.3,2.6,2.7,2.6,2.6,2.7,2.8,2.8,2.8,2.7
,2018,2.3,2.7,2.5,2.3,2.2,2.3,2.3,2.3,2.4,2.2,2.2,2.2,2
,2019,1.7,1.8,1.8,1.8,2,1.9,1.9,2,1.7,1.7,1.5,1.5,1.4
,2020,1,1.8,1.7,1.5,0.9,0.7,0.8,1.1,0.5,0.7,0.9,0.6,0.8
,2021,2.5,0.9,0.7,1,1.6,2.1,2.4,2.1,3,2.9,3.8,4.6,4.8
,2022,7.9,4.9,5.5,6.2,7.8,7.9,8.2,8.8,8.6,8.8,9.6,9.3,9.2
,2023,6.8,8.8,9.2,8.9,7.8,7.9,7.3,6.4,6.3,6.3,4.7,4.2,4.2
,2024,3.3,4.2,3.8,3.8,3,2.8,2.8,3.1,3.1,2.6,3.2,3.5,3.5
,2025,3.9,3.9,3.7,3.4,4.1,4,4.1,4.2,4.1,4.1,3.8,3.5,3.6
,2026,..,3.2,3.2,3.4,3,..,..,..,..,..,..,..,..
,,,,,,,,,,,,,,
Table 6c," CPIH All Items: 2005 to 2026 2, 3  ",,,,,,,,,,,,,
,Percentage change over 1 month,,,,,,,,,,,,,
,,,,,,,,,,,,,,
,, Jan, Feb, Mar, Apr, May, Jun, Jul, Aug, Sep, Oct, Nov, Dec,
L59C,,,,,,,,,,,,,,
,2005,  ..,0.2,0.4,0.4,0.3,0.1,0.1,0.3,0.2,0.2, -,0.3,
,2006,-0.3,0.3,0.2,0.6,0.5,0.3, -,0.4,0.1,0.2,0.3,0.5,
,2007,-0.6,0.3,0.4,0.4,0.3,0.2,-0.5,0.4,0.1,0.4,0.3,0.5,
,2008,-0.5,0.6,0.4,0.8,0.6,0.6, -,0.5,0.4,-0.2, -,-0.3,
,2009,-0.6,0.7,0.1,0.3,0.4,0.2, -,0.3, -,0.1,0.2,0.4,
,2010,-0.2,0.3,0.4,0.5,0.2,0.1,-0.2,0.4, -,0.2,0.3,0.8,
,2011,0.1,0.6,0.3,0.8,0.2,-0.1, -,0.5,0.6,0.1,0.1,0.4,
,2012,-0.4,0.5,0.3,0.5, -,-0.3,0.1,0.4,0.4,0.4,0.1,0.4,
,2013,-0.4,0.6,0.3,0.2,0.2,-0.1, -,0.4,0.3,0.1,0.1,0.4,
,2014,-0.5,0.4,0.2,0.3, -,0.2,-0.2,0.3, -,0.1,-0.2, -,
,2015,-0.7,0.2,0.2,0.3,0.2,0.1,-0.1,0.2,-0.1,0.1, -,0.1,
,2016,-0.6,0.2,0.3,0.2,0.2,0.2, -,0.3,0.2,0.1,0.2,0.4,
,2017,-0.4,0.6,0.3,0.5,0.3, -, -,0.5,0.3,0.1,0.3,0.3,
,2018,-0.4,0.4,0.1,0.4,0.3, -, -,0.6,0.1,0.1,0.2,0.1,
,2019,-0.6,0.4,0.2,0.6,0.3, -, -,0.3,0.1,-0.1,0.2, -,
,2020,-0.2,0.3,-,-,-,0.1,0.4,-0.3,0.4,-,-0.1,0.2,
,2021,-0.1,0.1,0.2,0.7,0.5,0.4,-,0.6,0.3,0.9,0.6,0.5,
,2022,-,0.7,0.9,2.1,0.6,0.7,0.6,0.5,0.4,1.6,0.4,0.4,
,2023,-0.4,1,0.7,1.2,0.6,0.2,-0.3,0.4,0.5,0.1,-0.1,0.4,
,2024,-0.4,0.6,0.6,0.5,0.4,0.2,-,0.4,0.1,0.6,0.2,0.3,
,2025,-,0.4,0.3,1.2,0.2,0.3,-,0.3,0.1,0.4,-0.1,0.4,
,2026,-0.3,0.4,0.6,0.8,..,..,..,..,..,..,..,..,
,,,,,,,,,,,,,,
,, Key:    - zero or negligible   .. not available ,,,,,,,,,,,,
,,,,,,,,,,,,,,
,1,"For the release of January consumer price inflation data on 16 February 2016, CPIH and CPI indices have been re-referenced and published with 2015=100.",,,,,,,,,,,,
,,Full historic series for each of the re-referenced indices are now available for users to view or download.,,,,,,,,,,,,
,,Regular re-referencing of indices is methodological good practice as it avoids rounding issues that can arise from small index values. ,,,,,,,,,,,,
,,"Please note that re-referencing does not impact on published inflation rates, although when using the indices to calculate inflation rates, ",,,,,,,,,,,,
,,it is important to use indices that are calculated in the same reference year. Re-referencing does not impact on RPI.,,,,,,,,,,,,
,,"For more information, please contact cpi@ons.gov.uk.",,,,,,,,,,,,
,,,,,,,,,,,,,,
,2,To revalue a sum of money between two periods in time,,,,,,,,,,,,
,,adjusting to the CPIH use the following formula:,,,,,,,,,,,,
,,Sum of money times(later date index divided by earlier date index),,,,,,,,,,,,
,,e.g: £100 X (96.0 [2012]) /86.1 [2008] = £111.50,,,,,,,,,,,,
,,,,,,,,,,,,,,
,3,To calculate a percentage change between any two months,,,,,,,,,,,,
,,adjusting to the CPIH use the following formula:,,,,,,,,,,,,
,,(later date index minus earlier date index divided by earlier date index) ,,,,,,,,,,,,
,,times 100,,,,,,,,,,,,
,,e.g: (96.0 [2012] - 86.1 [2008]) /86.1 [2008] X 100 = 11.5%,,,,,,,,,,,,
,,,,,,,,,,,,,,
,,Source: ,,,,,,,,,,,,
,,Office for National Statistics,,,,,,,,,,,,
,,Prices Division,,,,,,,,,,,,
,,2.001 Cardiff Road,,,,,,,,,,,,
,,Newport,,,,,,,,,,,,
,,South Wales,,,,,,,,,,,,
,,NP10 8XG,,,,,,,,,,,,
,,Tel: +44 (0) 1633 456900,,,,,,,,,,,,
,,,,,,,,,,,,,,
,,http://www.ons.gov.uk,,,,,,,,,,,,
